<?xml version = '1.0' encoding = 'UTF-8'?>
<Table class="oracle.dbtools.crest.model.design.relational.Table" directorySegmentName="seg_0" id="01B95B18-7AD0-7F96-6FFE-776320023D74" name="Clienti">
<createdBy>Utilizator</createdBy>
<createdTime>2020-11-28 15:39:18 UTC</createdTime>
<generatorID>DA43A28D-15AB-9CD7-7E5E-3808C803B422</generatorID>
<ownerDesignName>PROIECT_FINAL</ownerDesignName>
<allowColumnReorder>false</allowColumnReorder>
<existDependencyGenerateInDDl>true</existDependencyGenerateInDDl>
<parsed>true</parsed>
<columns itemClass="oracle.dbtools.crest.model.design.relational.Column">
<Column name="Id_client" id="0DF3E5AC-1339-52A1-1240-F0B1FAFC491F">
<createdBy>Utilizator</createdBy>
<createdTime>2020-11-28 15:39:18 UTC</createdTime>
<generatorID>836ADF7B-DA65-FA89-842A-5474F293AE1C</generatorID>
<ownerDesignName>PROIECT_FINAL</ownerDesignName>
<useDomainConstraints>false</useDomainConstraints>
<use>1</use>
<logicalDatatype>LOGDT019</logicalDatatype>
<dataTypePrecision>3</dataTypePrecision>
<ownDataTypeParameters>,3,</ownDataTypeParameters>
<autoIncrementColumn>true</autoIncrementColumn>
<autoIncrementStartWith>601</autoIncrementStartWith>
<autoIncrementMaxValue>800</autoIncrementMaxValue>
<autoIncrementCycle>false</autoIncrementCycle>
</Column>
<Column name="Nume" id="A03D8AB5-5071-A7CE-DAE4-5DF166DAFE52">
<createdBy>Utilizator</createdBy>
<createdTime>2020-11-28 15:39:18 UTC</createdTime>
<generatorID>A5837B00-4ABD-E6EC-E395-A67692D10198</generatorID>
<ownerDesignName>PROIECT_FINAL</ownerDesignName>
<useDomainConstraints>false</useDomainConstraints>
<use>1</use>
<logicalDatatype>LOGDT024</logicalDatatype>
<dataTypeSize>30</dataTypeSize>
<ownDataTypeParameters>30,,</ownDataTypeParameters>
<autoIncrementCycle>false</autoIncrementCycle>
</Column>
<Column name="Numar_telefon" id="4EE59A30-C508-A067-6B7C-1EEFB92A2406">
<createdBy>Utilizator</createdBy>
<createdTime>2020-11-28 15:39:18 UTC</createdTime>
<generatorID>204E1D83-5165-76DE-08CC-F55ECAFD0E9A</generatorID>
<ownerDesignName>PROIECT_FINAL</ownerDesignName>
<constraintName>client_tel_ck</constraintName>
<useDomainConstraints>false</useDomainConstraints>
<use>1</use>
<logicalDatatype>LOGDT025</logicalDatatype>
<dataTypeSize>10</dataTypeSize>
<checkConstraint>
<implementationDef dbType="Generic Constraint" definition="SUBSTR(Numar_telefon,1,2) LIKE&apos;07&apos; AND length(Numar_telefon)=10"/>
</checkConstraint>
<ownDataTypeParameters>10,,</ownDataTypeParameters>
<autoIncrementCycle>false</autoIncrementCycle>
</Column>
</columns>
<indexes itemClass="oracle.dbtools.crest.model.design.relational.Index">
<ind_PK_UK id="80DA6F56-20F5-15D5-883A-A764AFF8650E" name="Clienti_PK">
<createdBy>Utilizator</createdBy>
<createdTime>2020-11-28 15:39:18 UTC</createdTime>
<generatorID>989DDD5B-A95C-711C-1BEE-AA4DCB8DC00E</generatorID>
<ownerDesignName>PROIECT_FINAL</ownerDesignName>
<pk>true</pk>
<indexState>Primary Constraint</indexState>
<isSurrogateKey>false</isSurrogateKey>
<indexColumnUsage>
<colUsage columnID="0DF3E5AC-1339-52A1-1240-F0B1FAFC491F"/>
</indexColumnUsage>
</ind_PK_UK>
<ind_PK_UK id="09E65E8C-40B6-AD46-855E-C8089DFDA3CD" name="Clienti_Nume_Numar_telefon_UN">
<createdBy>Utilizator</createdBy>
<createdTime>2020-11-28 15:39:18 UTC</createdTime>
<generatorID>4CB2E717-4917-7B6D-EFEC-CCCB70E28723</generatorID>
<ownerDesignName>PROIECT_FINAL</ownerDesignName>
<indexState>Unique Constraint</indexState>
<isSurrogateKey>false</isSurrogateKey>
<indexColumnUsage>
<colUsage columnID="A03D8AB5-5071-A7CE-DAE4-5DF166DAFE52"/>
<colUsage columnID="4EE59A30-C508-A067-6B7C-1EEFB92A2406"/>
</indexColumnUsage>
</ind_PK_UK>
</indexes>
</Table>