<?xml version = '1.0' encoding = 'UTF-8'?>
<Table class="oracle.dbtools.crest.model.design.relational.Table" directorySegmentName="seg_0" id="0323D117-5EA3-823B-EA54-3319CA475C52" name="Sali">
<createdBy>Utilizator</createdBy>
<createdTime>2020-11-28 15:39:18 UTC</createdTime>
<generatorID>33DD73D3-01C2-FB2B-8256-765BD7D38FA0</generatorID>
<ownerDesignName>PROIECT_FINAL</ownerDesignName>
<allowColumnReorder>false</allowColumnReorder>
<existDependencyGenerateInDDl>true</existDependencyGenerateInDDl>
<parsed>true</parsed>
<columns itemClass="oracle.dbtools.crest.model.design.relational.Column">
<Column name="Id_sala" id="848FF8C5-CC1E-CD0E-87BE-AA15A1094904">
<createdBy>Utilizator</createdBy>
<createdTime>2020-11-28 15:39:18 UTC</createdTime>
<generatorID>BC09CF7B-52D9-7BFA-9F8A-6A1E539C4DA8</generatorID>
<ownerDesignName>PROIECT_FINAL</ownerDesignName>
<useDomainConstraints>false</useDomainConstraints>
<use>1</use>
<logicalDatatype>LOGDT019</logicalDatatype>
<dataTypePrecision>3</dataTypePrecision>
<ownDataTypeParameters>,3,</ownDataTypeParameters>
<autoIncrementColumn>true</autoIncrementColumn>
<autoIncrementStartWith>100</autoIncrementStartWith>
<autoIncrementMaxValue>170</autoIncrementMaxValue>
<autoIncrementCycle>false</autoIncrementCycle>
</Column>
<Column name="Nume_sala" id="004FAB92-C0CE-BCE5-6B0E-4C201CD26490">
<createdBy>Utilizator</createdBy>
<createdTime>2020-11-28 15:39:18 UTC</createdTime>
<generatorID>2837944E-9366-970F-22B2-F6FFD8486383</generatorID>
<ownerDesignName>PROIECT_FINAL</ownerDesignName>
<useDomainConstraints>false</useDomainConstraints>
<use>1</use>
<logicalDatatype>LOGDT024</logicalDatatype>
<dataTypeSize>20</dataTypeSize>
<ownDataTypeParameters>20,,</ownDataTypeParameters>
<autoIncrementCycle>false</autoIncrementCycle>
</Column>
<Column name="Numar_randuri" id="95F9B8FB-2D7A-5059-40FC-D5A100A86997">
<createdBy>Utilizator</createdBy>
<createdTime>2020-11-28 15:39:18 UTC</createdTime>
<generatorID>6F500BAD-BF6C-CA62-CBFB-5D1086ED5ACC</generatorID>
<ownerDesignName>PROIECT_FINAL</ownerDesignName>
<useDomainConstraints>false</useDomainConstraints>
<use>1</use>
<logicalDatatype>LOGDT019</logicalDatatype>
<dataTypePrecision>2</dataTypePrecision>
<ownDataTypeParameters>,2,</ownDataTypeParameters>
<autoIncrementCycle>false</autoIncrementCycle>
</Column>
<Column name="Numar_scaune" id="FF2621D3-BFFC-0571-2F19-F8148F6E352C">
<createdBy>Utilizator</createdBy>
<createdTime>2020-11-28 15:39:18 UTC</createdTime>
<generatorID>9BA017E8-0423-CFD4-326C-D08925DEF850</generatorID>
<ownerDesignName>PROIECT_FINAL</ownerDesignName>
<useDomainConstraints>false</useDomainConstraints>
<use>1</use>
<logicalDatatype>LOGDT019</logicalDatatype>
<dataTypePrecision>2</dataTypePrecision>
<ownDataTypeParameters>,2,</ownDataTypeParameters>
<autoIncrementCycle>false</autoIncrementCycle>
</Column>
<Column name="Nume_cinematograf" id="79DD4CF7-190E-F801-36EE-90FD4CF55BEE">
<createdBy>Utilizator</createdBy>
<createdTime>2020-11-28 15:39:18 UTC</createdTime>
<generatorID>CCB18D3C-744C-8D0F-8013-85810005E27B</generatorID>
<ownerDesignName>PROIECT_FINAL</ownerDesignName>
<useDomainConstraints>false</useDomainConstraints>
<use>1</use>
<logicalDatatype>LOGDT024</logicalDatatype>
<dataTypeSize>40</dataTypeSize>
<ownDataTypeParameters>,,</ownDataTypeParameters>
<previousColumn>false</previousColumn>
<autoIncrementCycle>false</autoIncrementCycle>
<associations>
<colAssociation fkAssociation="D98E36DD-B88D-1929-EC30-952F12BC5F0F" referredColumn="D39221AE-79E9-57DD-06AE-9D0F8FBC1614"/>
</associations>
</Column>
</columns>
<indexes itemClass="oracle.dbtools.crest.model.design.relational.Index">
<ind_PK_UK id="5ED11651-7503-9D32-EC1F-DE0EB8DC9113" name="Sali_PK">
<createdBy>Utilizator</createdBy>
<createdTime>2020-11-28 15:39:18 UTC</createdTime>
<generatorID>264A03BA-5CB2-4E83-0D2F-B11F5C1CD9F6</generatorID>
<ownerDesignName>PROIECT_FINAL</ownerDesignName>
<pk>true</pk>
<indexState>Primary Constraint</indexState>
<isSurrogateKey>false</isSurrogateKey>
<indexColumnUsage>
<colUsage columnID="848FF8C5-CC1E-CD0E-87BE-AA15A1094904"/>
</indexColumnUsage>
</ind_PK_UK>
<ind_PK_UK id="052D242A-D5C4-AB7B-F524-8D99FF0A397E" name="Sali_Nume_sala_UN">
<createdBy>Utilizator</createdBy>
<createdTime>2020-11-28 15:39:18 UTC</createdTime>
<generatorID>58AD24F5-6172-856D-BFA1-5938744F6092</generatorID>
<ownerDesignName>PROIECT_FINAL</ownerDesignName>
<indexState>Unique Constraint</indexState>
<isSurrogateKey>false</isSurrogateKey>
<indexColumnUsage>
<colUsage columnID="004FAB92-C0CE-BCE5-6B0E-4C201CD26490"/>
</indexColumnUsage>
</ind_PK_UK>
<ind_PK_UK id="39FEB130-F84E-BA29-8D88-B5331DFB15B0" name="Sali_Cinematograf_FK">
<createdBy>Utilizator</createdBy>
<createdTime>2020-11-28 15:39:18 UTC</createdTime>
<generatorID>05E8D81F-F1C4-1C8A-F59A-93F7DB2F8903</generatorID>
<ownerDesignName>PROIECT_FINAL</ownerDesignName>
<indexState>Foreign Key</indexState>
<isSurrogateKey>false</isSurrogateKey>
<indexColumnUsage>
<colUsage columnID="79DD4CF7-190E-F801-36EE-90FD4CF55BEE"/>
</indexColumnUsage>
</ind_PK_UK>
</indexes>
</Table>