<?xml version = '1.0' encoding = 'UTF-8'?>
<Table class="oracle.dbtools.crest.model.design.relational.Table" directorySegmentName="seg_0" id="9EA0E9AD-FBD2-9D54-4C1D-3B0AB4CBF835" name="Detalii_film">
<createdBy>Utilizator</createdBy>
<createdTime>2020-11-28 15:39:18 UTC</createdTime>
<generatorID>30F1138B-0383-D59F-2AF7-FE993F079917</generatorID>
<ownerDesignName>PROIECT_FINAL</ownerDesignName>
<allowColumnReorder>false</allowColumnReorder>
<existDependencyGenerateInDDl>true</existDependencyGenerateInDDl>
<parsed>true</parsed>
<columns itemClass="oracle.dbtools.crest.model.design.relational.Column">
<Column name="Id_film" id="4C4DD2B7-97B2-59AC-E43C-F60462766C87">
<createdBy>Utilizator</createdBy>
<createdTime>2020-11-28 15:39:18 UTC</createdTime>
<generatorID>0682ABD6-829B-5487-CAAB-724B64371194</generatorID>
<ownerDesignName>PROIECT_FINAL</ownerDesignName>
<useDomainConstraints>false</useDomainConstraints>
<use>1</use>
<logicalDatatype>LOGDT019</logicalDatatype>
<dataTypePrecision>3</dataTypePrecision>
<ownDataTypeParameters>,,</ownDataTypeParameters>
<previousColumn>false</previousColumn>
<autoIncrementCycle>false</autoIncrementCycle>
<associations>
<colAssociation fkAssociation="CFE6B833-3039-D069-2352-A1D20AF7BE34" referredColumn="2BDA3B12-86E6-DAE5-4287-70C32C7D2C4E"/>
</associations>
</Column>
<Column name="Gen_film" id="58866D5B-581D-5CA8-71A9-4C830C3A79CF">
<createdBy>Utilizator</createdBy>
<createdTime>2020-11-28 15:39:18 UTC</createdTime>
<generatorID>D5F3DE24-A26D-A5EA-2F24-A7D63027B699</generatorID>
<ownerDesignName>PROIECT_FINAL</ownerDesignName>
<useDomainConstraints>false</useDomainConstraints>
<use>1</use>
<logicalDatatype>LOGDT024</logicalDatatype>
<dataTypeSize>20</dataTypeSize>
<ownDataTypeParameters>20,,</ownDataTypeParameters>
<autoIncrementCycle>false</autoIncrementCycle>
</Column>
<Column name="Durata_film" id="9AFE8726-B418-83D5-8C5A-14E177F6C188">
<createdBy>Utilizator</createdBy>
<createdTime>2020-11-28 15:39:18 UTC</createdTime>
<generatorID>79E48A8C-8501-8AB0-4090-2A81FC601334</generatorID>
<ownerDesignName>PROIECT_FINAL</ownerDesignName>
<constraintName>durata_film_ck</constraintName>
<useDomainConstraints>false</useDomainConstraints>
<use>1</use>
<logicalDatatype>LOGDT025</logicalDatatype>
<dataTypeSize>4</dataTypeSize>
<checkConstraint>
<implementationDef dbType="Generic Constraint" definition="substr(Durata_film, 2, 1)=&apos;:&apos; AND to_number(substr(Durata_film, 3, 2))&gt;=0 AND to_number( substr(Durata_film, 3, 2) )&lt;=59 AND to_number( substr(Durata_film, 1, 1))&gt;=0 AND to_number(substr(Durata_film, 1, 1)) &lt;=3"/>
</checkConstraint>
<ownDataTypeParameters>4,,</ownDataTypeParameters>
<autoIncrementCycle>false</autoIncrementCycle>
</Column>
<Column name="Format_film" id="D0EF130B-C214-D47A-CEC7-A0DB946ABDDB">
<createdBy>Utilizator</createdBy>
<createdTime>2020-11-28 15:39:18 UTC</createdTime>
<generatorID>E717A12C-12CD-5462-F414-7E0A2AA86C8E</generatorID>
<ownerDesignName>PROIECT_FINAL</ownerDesignName>
<useDomainConstraints>false</useDomainConstraints>
<use>1</use>
<logicalDatatype>LOGDT025</logicalDatatype>
<dataTypeSize>2</dataTypeSize>
<ownDataTypeParameters>2,,</ownDataTypeParameters>
<autoIncrementCycle>false</autoIncrementCycle>
</Column>
</columns>
<indexes itemClass="oracle.dbtools.crest.model.design.relational.Index">
<ind_PK_UK id="F645131D-AB91-26B4-3E8D-D3ED607DA3B9" name="Detalii_film__IDX">
<createdBy>Utilizator</createdBy>
<createdTime>2020-11-28 15:39:18 UTC</createdTime>
<ownerDesignName>PROIECT_FINAL</ownerDesignName>
<indexState>Unique Plain Index</indexState>
<isSurrogateKey>false</isSurrogateKey>
<relationGeneratorID>C22C9290-04E9-C0A9-CE11-3E6F29585B76</relationGeneratorID>
<indexColumnUsage>
<colUsage columnID="4C4DD2B7-97B2-59AC-E43C-F60462766C87"/>
</indexColumnUsage>
</ind_PK_UK>
<ind_PK_UK id="022579E1-39CB-51A3-3070-351112C25FA7" name="Detalii_film_Film_FK">
<createdBy>Utilizator</createdBy>
<createdTime>2020-11-28 15:39:18 UTC</createdTime>
<generatorID>C22C9290-04E9-C0A9-CE11-3E6F29585B76</generatorID>
<ownerDesignName>PROIECT_FINAL</ownerDesignName>
<indexState>Foreign Key</indexState>
<isSurrogateKey>false</isSurrogateKey>
<indexColumnUsage>
<colUsage columnID="4C4DD2B7-97B2-59AC-E43C-F60462766C87"/>
</indexColumnUsage>
</ind_PK_UK>
</indexes>
</Table>