<?xml version = '1.0' encoding = 'UTF-8'?>
<TableProxyOraclev11g class="oracle.dbtools.crest.model.design.storage.oracle.v11g.TableProxyOraclev11g" name="Vanzari_bilete" directorySegmentName="seg_1" id="E1F84FAD-5915-1B84-CB22-943EF0BC3EA1">
<createdBy>Utilizator</createdBy>
<createdTime>2020-11-28 15:39:18 UTC</createdTime>
<ownerDesignName>PROIECT_FINAL</ownerDesignName>
<logging>YES</logging>
<partitionedRowMovement>DISABLE</partitionedRowMovement>
<temporaryChanged>false</temporaryChanged>
<accessDriverType>oracle_loader</accessDriverType>
<rejectLimit></rejectLimit>
<columnProxies itemClass="oracle.dbtools.crest.model.design.storage.oracle.v12c.ColumnProxyOraclev12c">
<ColumnProxy name="Id_vanzare" id="26236217-D4FE-80D8-7FDC-918B1CEE0DDD">
<createdBy>Utilizator</createdBy>
<createdTime>2020-11-28 15:39:18 UTC</createdTime>
<ownerDesignName>PROIECT_FINAL</ownerDesignName>
</ColumnProxy>
<ColumnProxy name="Data_vanzare" id="83C484C3-0817-0514-363C-B39C2D13687C">
<createdBy>Utilizator</createdBy>
<createdTime>2020-11-28 15:39:18 UTC</createdTime>
<ownerDesignName>PROIECT_FINAL</ownerDesignName>
</ColumnProxy>
<ColumnProxy name="Id_loc" id="E2D343F1-1ABD-8448-EFD0-97E3530C5CD0">
<createdBy>Utilizator</createdBy>
<createdTime>2020-11-28 15:39:18 UTC</createdTime>
<ownerDesignName>PROIECT_FINAL</ownerDesignName>
</ColumnProxy>
<ColumnProxy name="Id_client" id="E5D0A940-E8C2-8927-932C-7FBF5349E058">
<createdBy>Utilizator</createdBy>
<createdTime>2020-11-28 15:39:18 UTC</createdTime>
<ownerDesignName>PROIECT_FINAL</ownerDesignName>
</ColumnProxy>
<ColumnProxy name="Id_proiectie" id="EC9CCBE0-2E33-38B3-4A8F-50F3E047559C">
<createdBy>Utilizator</createdBy>
<createdTime>2020-11-28 15:39:18 UTC</createdTime>
<ownerDesignName>PROIECT_FINAL</ownerDesignName>
</ColumnProxy>
</columnProxies>
<foreignKeys>
<ForeignKey class="oracle.dbtools.crest.model.design.storage.oracle.v10g.FKProxyOraclev10g" name="Vanzari_bilete_Locuri_sali_FK" id="0A6D1598-F90D-BE4E-1E4B-DFD3A8442FBD">
<createdBy>Utilizator</createdBy>
<createdTime>2020-11-28 15:39:18 UTC</createdTime>
<ownerDesignName>PROIECT_FINAL</ownerDesignName>
</ForeignKey>
<ForeignKey class="oracle.dbtools.crest.model.design.storage.oracle.v10g.FKProxyOraclev10g" name="Vanzari_bilete_Clienti_FK" id="40B5F46F-1D16-2AB4-053D-D27BD4FEC9C4">
<createdBy>Utilizator</createdBy>
<createdTime>2020-11-28 15:39:18 UTC</createdTime>
<ownerDesignName>PROIECT_FINAL</ownerDesignName>
</ForeignKey>
<ForeignKey class="oracle.dbtools.crest.model.design.storage.oracle.v10g.FKProxyOraclev10g" name="Vanzari_bilete_Proiectie_FK" id="B4298646-ED42-098E-EEE0-679834366084">
<createdBy>Utilizator</createdBy>
<createdTime>2020-11-28 15:39:18 UTC</createdTime>
<ownerDesignName>PROIECT_FINAL</ownerDesignName>
</ForeignKey>
</foreignKeys>
<primaryKeys>
<PrimaryKey class="oracle.dbtools.crest.model.design.storage.oracle.v10g.PKProxyOraclev10g" name="Vanzari_bilete_PK" id="D78C1F7D-7D2C-5521-3F82-77C382D9C72E">
<createdBy>Utilizator</createdBy>
<createdTime>2020-11-28 15:39:18 UTC</createdTime>
<ownerDesignName>PROIECT_FINAL</ownerDesignName>
<indexSort>SORTED</indexSort>
</PrimaryKey>
</primaryKeys>
</TableProxyOraclev11g>