<?xml version = '1.0' encoding = 'UTF-8'?>
<FKIndexAssociation class="oracle.dbtools.crest.model.design.relational.FKIndexAssociation" directorySegmentName="seg_0" id="99AF65C7-0ECE-0015-736F-1B9DDA6306D8" containerWithKeyObject="4E21F22A-5C64-0339-F210-23CDCCE84B50" localFKIndex="796A3DB3-4C3D-3EBA-3C00-10AA7214CBEE" name="Proiectie_Sali_FK">
<createdBy>Utilizator</createdBy>
<createdTime>2020-11-28 15:39:18 UTC</createdTime>
<generatorID>96C6DDA9-1BD1-AFFF-F2A5-0A73D10F88A2</generatorID>
<ownerDesignName>PROIECT_FINAL</ownerDesignName>
<referredTableLongName>Sali</referredTableLongName>
<deleteRule>NO ACTION</deleteRule>
<referredTableID>0323D117-5EA3-823B-EA54-3319CA475C52</referredTableID>
<keyObject>5ED11651-7503-9D32-EC1F-DE0EB8DC9113</keyObject>
<referredKeyID>5ED11651-7503-9D32-EC1F-DE0EB8DC9113</referredKeyID>
<mandatory>true</mandatory>
<refColNames>Id_sala</refColNames>
<transferable>true</transferable>
<rely>false</rely>
<columnDependencyConstraintGenerateInDDL>true</columnDependencyConstraintGenerateInDDL>
</FKIndexAssociation>