<?xml version = '1.0' encoding = 'UTF-8'?>
<FKIndexAssociation class="oracle.dbtools.crest.model.design.relational.FKIndexAssociation" directorySegmentName="seg_0" id="CFE6B833-3039-D069-2352-A1D20AF7BE34" containerWithKeyObject="9EA0E9AD-FBD2-9D54-4C1D-3B0AB4CBF835" localFKIndex="022579E1-39CB-51A3-3070-351112C25FA7" name="Detalii_film_Film_FK">
<createdBy>Utilizator</createdBy>
<createdTime>2020-11-28 15:39:18 UTC</createdTime>
<generatorID>C22C9290-04E9-C0A9-CE11-3E6F29585B76</generatorID>
<ownerDesignName>PROIECT_FINAL</ownerDesignName>
<referredTableLongName>Film</referredTableLongName>
<deleteRule>NO ACTION</deleteRule>
<referredTableID>B999D618-C0F5-92EB-D3D7-69B628535729</referredTableID>
<keyObject>6BF369D2-7DC3-1217-062D-161912EB2E00</keyObject>
<referredKeyID>6BF369D2-7DC3-1217-062D-161912EB2E00</referredKeyID>
<mandatory>true</mandatory>
<refColNames>Id_film</refColNames>
<transferable>true</transferable>
<rely>false</rely>
<columnDependencyConstraintGenerateInDDL>true</columnDependencyConstraintGenerateInDDL>
</FKIndexAssociation>