<?xml version = '1.0' encoding = 'UTF-8'?>
<relationalModel class="oracle.dbtools.crest.model.design.relational.RelationalDesign" name="Relational_1" id="A7BF9B19-2A4A-EEB0-977C-41A3E411116D" mainViewID="D45A8ABE-E711-150A-DAAC-5A504C8AAF7A">
<createdBy>Utilizator</createdBy>
<createdTime>2020-10-23 07:51:17 UTC</createdTime>
<ownerDesignName>cinematograf</ownerDesignName>
<shouldBeOpen>true</shouldBeOpen>
<selectedRDBMSSite>32076570-2523-435C-2E92-BF29817DFF70</selectedRDBMSSite>
</relationalModel>