<?xml version = '1.0' encoding = 'UTF-8'?>
<Entity class="oracle.dbtools.crest.model.design.logical.Entity" directorySegmentName="seg_0" id="025F7B4C-0BC3-8AC4-1D48-C315C08B6789" name="Cinematograf">
<createdBy>Utilizator</createdBy>
<createdTime>2020-10-23 07:59:46 UTC</createdTime>
<ownerDesignName>PROIECT_FINAL</ownerDesignName>
<engineerTo>
<item key="A7BF9B19-2A4A-EEB0-977C-41A3E411116D" value="true"/>
</engineerTo>
<adequatelyNormalized>NO</adequatelyNormalized>
<expectedVolumes>0</expectedVolumes>
<fwdEngineeringStrategyName>Single Table</fwdEngineeringStrategyName>
<growthPercent>0</growthPercent>
<growthType>Year</growthType>
<maxVolumes>9999999</maxVolumes>
<minVolumes>0</minVolumes>
<normalForm>Third</normalForm>
<attributes itemClass="oracle.dbtools.crest.model.design.logical.Attribute">
<Attribute name="Nume_cinematograf" id="500DE1D9-525E-C4AF-CEFA-3F5B1085F1C8">
<createdBy>Utilizator</createdBy>
<createdTime>2020-10-23 08:00:35 UTC</createdTime>
<ownerDesignName>PROIECT_FINAL</ownerDesignName>
<engineerTo>
<item key="A7BF9B19-2A4A-EEB0-977C-41A3E411116D" value="true"/>
</engineerTo>
<useDomainConstraints>false</useDomainConstraints>
<use>1</use>
<logicalDatatype>LOGDT024</logicalDatatype>
<dataTypeSize>40</dataTypeSize>
<ownDataTypeParameters>40,,</ownDataTypeParameters>
</Attribute>
<Attribute name="Adresa" id="FEE0F16C-25D1-32CE-850F-2DCF9070D116">
<createdBy>Utilizator</createdBy>
<createdTime>2020-10-23 08:02:11 UTC</createdTime>
<ownerDesignName>PROIECT_FINAL</ownerDesignName>
<engineerTo>
<item key="A7BF9B19-2A4A-EEB0-977C-41A3E411116D" value="true"/>
</engineerTo>
<useDomainConstraints>false</useDomainConstraints>
<use>1</use>
<logicalDatatype>LOGDT024</logicalDatatype>
<dataTypeSize>50</dataTypeSize>
<ownDataTypeParameters>50,,</ownDataTypeParameters>
</Attribute>
<Attribute name="Numar_telefon" id="44123A83-48FE-DB3D-477E-98845BF04F4A">
<createdBy>Utilizator</createdBy>
<createdTime>2020-10-23 08:02:45 UTC</createdTime>
<ownerDesignName>PROIECT_FINAL</ownerDesignName>
<engineerTo>
<item key="A7BF9B19-2A4A-EEB0-977C-41A3E411116D" value="true"/>
</engineerTo>
<constraintName>cinema_tel_ck</constraintName>
<useDomainConstraints>false</useDomainConstraints>
<use>1</use>
<logicalDatatype>LOGDT025</logicalDatatype>
<dataTypeSize>10</dataTypeSize>
<checkConstraint>
<implementationDef dbType="Generic Constraint" definition="SUBSTR(Numar_telefon,1,2) LIKE&apos;07&apos; AND length(Numar_telefon)=10"/>
</checkConstraint>
<ownDataTypeParameters>10,,</ownDataTypeParameters>
</Attribute>
<Attribute name="Program_lucru" id="34B8781A-AA39-1AF8-1C02-C11AF73C4863">
<createdBy>Utilizator</createdBy>
<createdTime>2020-10-23 08:02:45 UTC</createdTime>
<ownerDesignName>PROIECT_FINAL</ownerDesignName>
<engineerTo>
<item key="A7BF9B19-2A4A-EEB0-977C-41A3E411116D" value="true"/>
</engineerTo>
<useDomainConstraints>false</useDomainConstraints>
<use>1</use>
<logicalDatatype>LOGDT024</logicalDatatype>
<dataTypeSize>40</dataTypeSize>
<ownDataTypeParameters>40,,</ownDataTypeParameters>
</Attribute>
</attributes>
<identifiers itemClass="oracle.dbtools.crest.model.design.logical.CandidateKey">
<identifier id="224FDC57-F6C5-2663-4585-2CF61D19C3D8" name="Cinematograf PK">
<createdBy>Utilizator</createdBy>
<createdTime>2020-10-23 08:00:44 UTC</createdTime>
<ownerDesignName>PROIECT_FINAL</ownerDesignName>
<shouldEngineer>false</shouldEngineer>
<engineerTo>
<item key="A7BF9B19-2A4A-EEB0-977C-41A3E411116D" value="false"/>
</engineerTo>
<pk>true</pk>
<usedAttributes>
<attributeRef>500DE1D9-525E-C4AF-CEFA-3F5B1085F1C8</attributeRef>
</usedAttributes>
</identifier>
</identifiers>
</Entity>