<?xml version = '1.0' encoding = 'UTF-8'?>
<Entity class="oracle.dbtools.crest.model.design.logical.Entity" directorySegmentName="seg_0" id="30F1138B-0383-D59F-2AF7-FE993F079917" name="Detalii_film">
<createdBy>Utilizator</createdBy>
<createdTime>2020-11-13 09:26:36 UTC</createdTime>
<ownerDesignName>PROIECT_FINAL</ownerDesignName>
<engineerTo>
<item key="A7BF9B19-2A4A-EEB0-977C-41A3E411116D" value="true"/>
</engineerTo>
<adequatelyNormalized>NO</adequatelyNormalized>
<expectedVolumes>0</expectedVolumes>
<fwdEngineeringStrategyName>Single Table</fwdEngineeringStrategyName>
<growthPercent>0</growthPercent>
<growthType>Year</growthType>
<maxVolumes>9999999</maxVolumes>
<minVolumes>0</minVolumes>
<normalForm>Third</normalForm>
<attributes itemClass="oracle.dbtools.crest.model.design.logical.Attribute">
<Attribute name="Id_film" id="0682ABD6-829B-5487-CAAB-724B64371194">
<createdBy>Utilizator</createdBy>
<createdTime>2020-11-13 09:29:54 UTC</createdTime>
<generatorID>C22C9290-04E9-C0A9-CE11-3E6F29585B76</generatorID>
<ownerDesignName>PROIECT_FINAL</ownerDesignName>
<engineerTo>
<item key="A7BF9B19-2A4A-EEB0-977C-41A3E411116D" value="true"/>
</engineerTo>
<referedAttribute>59FCF31C-1E1C-5545-A676-AFCA3C0CCA58</referedAttribute>
<useDomainConstraints>false</useDomainConstraints>
<use>1</use>
<logicalDatatype>LOGDT019</logicalDatatype>
<dataTypePrecision>3</dataTypePrecision>
<ownDataTypeParameters>,,</ownDataTypeParameters>
</Attribute>
<Attribute name="Gen_film" id="D5F3DE24-A26D-A5EA-2F24-A7D63027B699">
<createdBy>Utilizator</createdBy>
<createdTime>2020-11-13 09:27:03 UTC</createdTime>
<ownerDesignName>PROIECT_FINAL</ownerDesignName>
<engineerTo>
<item key="A7BF9B19-2A4A-EEB0-977C-41A3E411116D" value="true"/>
</engineerTo>
<useDomainConstraints>false</useDomainConstraints>
<use>1</use>
<logicalDatatype>LOGDT024</logicalDatatype>
<dataTypeSize>20</dataTypeSize>
<ownDataTypeParameters>20,,</ownDataTypeParameters>
</Attribute>
<Attribute name="Durata_film" id="79E48A8C-8501-8AB0-4090-2A81FC601334">
<createdBy>Utilizator</createdBy>
<createdTime>2020-11-13 09:27:53 UTC</createdTime>
<ownerDesignName>PROIECT_FINAL</ownerDesignName>
<engineerTo>
<item key="A7BF9B19-2A4A-EEB0-977C-41A3E411116D" value="true"/>
</engineerTo>
<constraintName>durata_film_ck</constraintName>
<useDomainConstraints>false</useDomainConstraints>
<use>1</use>
<logicalDatatype>LOGDT025</logicalDatatype>
<dataTypeSize>4</dataTypeSize>
<checkConstraint>
<implementationDef dbType="Generic Constraint" definition="substr(Durata_film, 2, 1)=&apos;:&apos; AND to_number(substr(Durata_film, 3, 2))&gt;=0 AND to_number( substr(Durata_film, 3, 2) )&lt;=59 AND to_number( substr(Durata_film, 1, 1))&gt;=0 AND to_number(substr(Durata_film, 1, 1)) &lt;=3"/>
</checkConstraint>
<ownDataTypeParameters>4,,</ownDataTypeParameters>
</Attribute>
<Attribute name="Format_film" id="E717A12C-12CD-5462-F414-7E0A2AA86C8E">
<createdBy>Utilizator</createdBy>
<createdTime>2020-11-13 09:28:13 UTC</createdTime>
<ownerDesignName>PROIECT_FINAL</ownerDesignName>
<engineerTo>
<item key="A7BF9B19-2A4A-EEB0-977C-41A3E411116D" value="true"/>
</engineerTo>
<useDomainConstraints>false</useDomainConstraints>
<use>1</use>
<logicalDatatype>LOGDT025</logicalDatatype>
<dataTypeSize>2</dataTypeSize>
<ownDataTypeParameters>2,,</ownDataTypeParameters>
</Attribute>
</attributes>
</Entity>