<?xml version = '1.0' encoding = 'UTF-8'?>
<Entity class="oracle.dbtools.crest.model.design.logical.Entity" directorySegmentName="seg_0" id="4750494E-7C1B-9A96-4C19-F9290897FE95" name="Locuri_sali">
<createdBy>Utilizator</createdBy>
<createdTime>2020-11-13 07:23:27 UTC</createdTime>
<ownerDesignName>PROIECT_FINAL</ownerDesignName>
<engineerTo>
<item key="A7BF9B19-2A4A-EEB0-977C-41A3E411116D" value="true"/>
</engineerTo>
<adequatelyNormalized>NO</adequatelyNormalized>
<expectedVolumes>0</expectedVolumes>
<fwdEngineeringStrategyName>Single Table</fwdEngineeringStrategyName>
<growthPercent>0</growthPercent>
<growthType>Year</growthType>
<maxVolumes>9999999</maxVolumes>
<minVolumes>0</minVolumes>
<normalForm>Third</normalForm>
<attributes itemClass="oracle.dbtools.crest.model.design.logical.Attribute">
<Attribute name="Id_loc" id="E8C2E086-35DC-FD6E-D907-3C6A157D46F3">
<createdBy>Utilizator</createdBy>
<createdTime>2020-11-13 09:12:34 UTC</createdTime>
<ownerDesignName>PROIECT_FINAL</ownerDesignName>
<engineerTo>
<item key="A7BF9B19-2A4A-EEB0-977C-41A3E411116D" value="true"/>
</engineerTo>
<useDomainConstraints>false</useDomainConstraints>
<use>1</use>
<logicalDatatype>LOGDT019</logicalDatatype>
<dataTypePrecision>3</dataTypePrecision>
<ownDataTypeParameters>,3,</ownDataTypeParameters>
</Attribute>
<Attribute name="Id_sala" id="E11FED4C-BEF8-099C-CB32-C165DC832DD8">
<createdBy>Utilizator</createdBy>
<createdTime>2020-11-13 07:26:14 UTC</createdTime>
<generatorID>3A158074-BF81-6298-7243-25311721FA36</generatorID>
<ownerDesignName>PROIECT_FINAL</ownerDesignName>
<engineerTo>
<item key="A7BF9B19-2A4A-EEB0-977C-41A3E411116D" value="true"/>
</engineerTo>
<referedAttribute>BC09CF7B-52D9-7BFA-9F8A-6A1E539C4DA8</referedAttribute>
<useDomainConstraints>false</useDomainConstraints>
<use>1</use>
<logicalDatatype>LOGDT019</logicalDatatype>
<dataTypePrecision>3</dataTypePrecision>
<ownDataTypeParameters>,3,</ownDataTypeParameters>
</Attribute>
<Attribute name="Rand" id="C77D226E-EE96-9E9B-2E8A-37EBF58E0EB5">
<createdBy>Utilizator</createdBy>
<createdTime>2020-11-13 07:24:01 UTC</createdTime>
<ownerDesignName>PROIECT_FINAL</ownerDesignName>
<engineerTo>
<item key="A7BF9B19-2A4A-EEB0-977C-41A3E411116D" value="true"/>
</engineerTo>
<useDomainConstraints>false</useDomainConstraints>
<use>1</use>
<logicalDatatype>LOGDT019</logicalDatatype>
<dataTypePrecision>2</dataTypePrecision>
<ownDataTypeParameters>,2,</ownDataTypeParameters>
</Attribute>
<Attribute name="Scaun" id="67AEC042-C057-B51C-936F-04FAC267B931">
<createdBy>Utilizator</createdBy>
<createdTime>2020-11-13 07:24:35 UTC</createdTime>
<ownerDesignName>PROIECT_FINAL</ownerDesignName>
<engineerTo>
<item key="A7BF9B19-2A4A-EEB0-977C-41A3E411116D" value="true"/>
</engineerTo>
<useDomainConstraints>false</useDomainConstraints>
<use>1</use>
<logicalDatatype>LOGDT019</logicalDatatype>
<dataTypePrecision>2</dataTypePrecision>
<ownDataTypeParameters>,2,</ownDataTypeParameters>
</Attribute>
</attributes>
<identifiers itemClass="oracle.dbtools.crest.model.design.logical.CandidateKey">
<identifier id="771E787F-BFF0-DDAA-8851-EB6052C36C40" name="Locuri_sali PK">
<createdBy>Utilizator</createdBy>
<createdTime>2020-11-13 07:26:14 UTC</createdTime>
<ownerDesignName>PROIECT_FINAL</ownerDesignName>
<shouldEngineer>false</shouldEngineer>
<engineerTo>
<item key="A7BF9B19-2A4A-EEB0-977C-41A3E411116D" value="false"/>
</engineerTo>
<pk>true</pk>
<usedAttributes>
<attributeRef>E8C2E086-35DC-FD6E-D907-3C6A157D46F3</attributeRef>
</usedAttributes>
</identifier>
</identifiers>
</Entity>