<?xml version = '1.0' encoding = 'UTF-8'?>
<Entity class="oracle.dbtools.crest.model.design.logical.Entity" directorySegmentName="seg_0" id="CF0E15A7-596B-9ED4-B7E5-5DF46A204CF2" name="Film">
<createdBy>Utilizator</createdBy>
<createdTime>2020-10-23 08:10:38 UTC</createdTime>
<ownerDesignName>PROIECT_FINAL</ownerDesignName>
<engineerTo>
<item key="A7BF9B19-2A4A-EEB0-977C-41A3E411116D" value="true"/>
</engineerTo>
<adequatelyNormalized>NO</adequatelyNormalized>
<expectedVolumes>0</expectedVolumes>
<fwdEngineeringStrategyName>Single Table</fwdEngineeringStrategyName>
<growthPercent>0</growthPercent>
<growthType>Year</growthType>
<maxVolumes>9999999</maxVolumes>
<minVolumes>0</minVolumes>
<normalForm>Third</normalForm>
<attributes itemClass="oracle.dbtools.crest.model.design.logical.Attribute">
<Attribute name="Id_film" id="59FCF31C-1E1C-5545-A676-AFCA3C0CCA58">
<createdBy>Utilizator</createdBy>
<createdTime>2020-10-23 08:11:08 UTC</createdTime>
<ownerDesignName>PROIECT_FINAL</ownerDesignName>
<engineerTo>
<item key="A7BF9B19-2A4A-EEB0-977C-41A3E411116D" value="true"/>
</engineerTo>
<useDomainConstraints>false</useDomainConstraints>
<use>1</use>
<logicalDatatype>LOGDT019</logicalDatatype>
<dataTypePrecision>3</dataTypePrecision>
<ownDataTypeParameters>,3,</ownDataTypeParameters>
</Attribute>
<Attribute name="Nume_film" id="19161750-326B-1D70-25E3-18F583900BA3">
<createdBy>Utilizator</createdBy>
<createdTime>2020-10-23 08:11:49 UTC</createdTime>
<ownerDesignName>PROIECT_FINAL</ownerDesignName>
<engineerTo>
<item key="A7BF9B19-2A4A-EEB0-977C-41A3E411116D" value="true"/>
</engineerTo>
<useDomainConstraints>false</useDomainConstraints>
<use>1</use>
<logicalDatatype>LOGDT024</logicalDatatype>
<dataTypeSize>40</dataTypeSize>
<ownDataTypeParameters>40,,</ownDataTypeParameters>
</Attribute>
<Attribute name="Nume_regizor" id="D7697A16-37AD-EA30-9E31-A18E93021C28">
<createdBy>Utilizator</createdBy>
<createdTime>2020-10-23 08:12:15 UTC</createdTime>
<ownerDesignName>PROIECT_FINAL</ownerDesignName>
<engineerTo>
<item key="A7BF9B19-2A4A-EEB0-977C-41A3E411116D" value="true"/>
</engineerTo>
<useDomainConstraints>false</useDomainConstraints>
<use>1</use>
<logicalDatatype>LOGDT024</logicalDatatype>
<dataTypeSize>30</dataTypeSize>
<ownDataTypeParameters>30,,</ownDataTypeParameters>
</Attribute>
<Attribute name="Pret" id="4774270A-E09F-43EE-8A0A-FF68E6413334">
<createdBy>Utilizator</createdBy>
<createdTime>2020-11-13 08:33:20 UTC</createdTime>
<ownerDesignName>PROIECT_FINAL</ownerDesignName>
<engineerTo>
<item key="A7BF9B19-2A4A-EEB0-977C-41A3E411116D" value="true"/>
</engineerTo>
<constraintName>pret_film_ck</constraintName>
<useDomainConstraints>false</useDomainConstraints>
<use>1</use>
<logicalDatatype>LOGDT026</logicalDatatype>
<dataTypePrecision>4</dataTypePrecision>
<dataTypeScale>2</dataTypeScale>
<checkConstraint>
<implementationDef dbType="Generic Constraint" definition="Pret&gt;0"/>
</checkConstraint>
<ownDataTypeParameters>,4,2</ownDataTypeParameters>
</Attribute>
</attributes>
<identifiers itemClass="oracle.dbtools.crest.model.design.logical.CandidateKey">
<identifier id="97021622-67A1-FD2E-3BE9-87164683A853" name="Film PK">
<createdBy>Utilizator</createdBy>
<createdTime>2020-10-23 08:11:48 UTC</createdTime>
<ownerDesignName>PROIECT_FINAL</ownerDesignName>
<shouldEngineer>false</shouldEngineer>
<engineerTo>
<item key="A7BF9B19-2A4A-EEB0-977C-41A3E411116D" value="false"/>
</engineerTo>
<pk>true</pk>
<usedAttributes>
<attributeRef>59FCF31C-1E1C-5545-A676-AFCA3C0CCA58</attributeRef>
</usedAttributes>
</identifier>
<identifier id="1329419B-D41B-F023-6410-A51363801ED6" name="Key_2">
<createdBy>Utilizator</createdBy>
<createdTime>2020-11-27 17:02:55 UTC</createdTime>
<ownerDesignName>PROIECT_FINAL</ownerDesignName>
<shouldEngineer>false</shouldEngineer>
<engineerTo>
<item key="A7BF9B19-2A4A-EEB0-977C-41A3E411116D" value="false"/>
</engineerTo>
<newElementsIDs>19161750-326B-1D70-25E3-18F583900BA3,D7697A16-37AD-EA30-9E31-A18E93021C28</newElementsIDs>
<usedAttributes>
<attributeRef>19161750-326B-1D70-25E3-18F583900BA3</attributeRef>
<attributeRef>D7697A16-37AD-EA30-9E31-A18E93021C28</attributeRef>
</usedAttributes>
</identifier>
</identifiers>
</Entity>