<?xml version = '1.0' encoding = 'UTF-8'?>
<Entity class="oracle.dbtools.crest.model.design.logical.Entity" directorySegmentName="seg_0" id="D58F0109-8546-671D-C58A-56493687583A" name="Proiectie">
<createdBy>Utilizator</createdBy>
<createdTime>2020-11-13 08:33:52 UTC</createdTime>
<ownerDesignName>PROIECT_FINAL</ownerDesignName>
<engineerTo>
<item key="A7BF9B19-2A4A-EEB0-977C-41A3E411116D" value="true"/>
</engineerTo>
<adequatelyNormalized>NO</adequatelyNormalized>
<expectedVolumes>0</expectedVolumes>
<fwdEngineeringStrategyName>Single Table</fwdEngineeringStrategyName>
<growthPercent>0</growthPercent>
<growthType>Year</growthType>
<maxVolumes>9999999</maxVolumes>
<minVolumes>0</minVolumes>
<normalForm>Third</normalForm>
<attributes itemClass="oracle.dbtools.crest.model.design.logical.Attribute">
<Attribute name="Id_proiectie" id="A821F1F3-0EEE-E57B-746F-FDB70FE7DDFB">
<createdBy>Utilizator</createdBy>
<createdTime>2020-11-13 09:08:54 UTC</createdTime>
<ownerDesignName>PROIECT_FINAL</ownerDesignName>
<engineerTo>
<item key="A7BF9B19-2A4A-EEB0-977C-41A3E411116D" value="true"/>
</engineerTo>
<useDomainConstraints>false</useDomainConstraints>
<use>1</use>
<logicalDatatype>LOGDT019</logicalDatatype>
<dataTypePrecision>3</dataTypePrecision>
<ownDataTypeParameters>,3,</ownDataTypeParameters>
</Attribute>
<Attribute name="Id_sala" id="6D159AA6-487E-4D35-7D4C-5B99D8D53915">
<createdBy>Utilizator</createdBy>
<createdTime>2020-11-13 09:06:39 UTC</createdTime>
<generatorID>96C6DDA9-1BD1-AFFF-F2A5-0A73D10F88A2</generatorID>
<ownerDesignName>PROIECT_FINAL</ownerDesignName>
<engineerTo>
<item key="A7BF9B19-2A4A-EEB0-977C-41A3E411116D" value="true"/>
</engineerTo>
<referedAttribute>BC09CF7B-52D9-7BFA-9F8A-6A1E539C4DA8</referedAttribute>
<useDomainConstraints>false</useDomainConstraints>
<use>1</use>
<logicalDatatype>LOGDT019</logicalDatatype>
<dataTypePrecision>3</dataTypePrecision>
<ownDataTypeParameters>,3,</ownDataTypeParameters>
</Attribute>
<Attribute name="Id_film" id="EE37FAEA-A6CD-6D0D-1B40-7DF64AB822F1">
<createdBy>Utilizator</createdBy>
<createdTime>2020-11-13 09:06:56 UTC</createdTime>
<generatorID>9E4DAEAD-829B-1438-63A6-8127B72A6DC0</generatorID>
<ownerDesignName>PROIECT_FINAL</ownerDesignName>
<engineerTo>
<item key="A7BF9B19-2A4A-EEB0-977C-41A3E411116D" value="true"/>
</engineerTo>
<referedAttribute>59FCF31C-1E1C-5545-A676-AFCA3C0CCA58</referedAttribute>
<useDomainConstraints>false</useDomainConstraints>
<use>1</use>
<logicalDatatype>LOGDT019</logicalDatatype>
<dataTypePrecision>3</dataTypePrecision>
<ownDataTypeParameters>,3,</ownDataTypeParameters>
</Attribute>
<Attribute name="Data" id="ACA8B1B8-B643-7888-E9B9-F3379E1B3DFB">
<createdBy>Utilizator</createdBy>
<createdTime>2020-11-13 08:35:09 UTC</createdTime>
<ownerDesignName>PROIECT_FINAL</ownerDesignName>
<engineerTo>
<item key="A7BF9B19-2A4A-EEB0-977C-41A3E411116D" value="true"/>
</engineerTo>
<useDomainConstraints>false</useDomainConstraints>
<use>1</use>
<logicalDatatype>LOGDT007</logicalDatatype>
<ownDataTypeParameters>,,</ownDataTypeParameters>
</Attribute>
<Attribute name="Ora" id="1C11BB75-1702-C572-1EA4-9C37C465FD70">
<createdBy>Utilizator</createdBy>
<createdTime>2020-11-13 08:34:40 UTC</createdTime>
<ownerDesignName>PROIECT_FINAL</ownerDesignName>
<engineerTo>
<item key="A7BF9B19-2A4A-EEB0-977C-41A3E411116D" value="true"/>
</engineerTo>
<constraintName>ora_ck</constraintName>
<useDomainConstraints>false</useDomainConstraints>
<use>1</use>
<logicalDatatype>LOGDT025</logicalDatatype>
<dataTypeSize>5</dataTypeSize>
<checkConstraint>
<implementationDef dbType="Generic Constraint" definition="substr(Ora, 3, 1)=&apos;:&apos; AND to_number(substr(Ora, 4, 2))&gt;=0 AND to_number( substr(Ora, 4, 2) )&lt;=59 AND to_number(substr(Ora, 1, 2))&gt;=0 AND to_number(substr(Ora, 1, 2)) &lt;=23"/>
</checkConstraint>
<ownDataTypeParameters>5,,</ownDataTypeParameters>
</Attribute>
</attributes>
<identifiers itemClass="oracle.dbtools.crest.model.design.logical.CandidateKey">
<identifier id="E133637E-C801-A73C-A5B5-F804CBA9A795" name="Proiectie PK">
<createdBy>Utilizator</createdBy>
<createdTime>2020-11-13 09:09:19 UTC</createdTime>
<ownerDesignName>PROIECT_FINAL</ownerDesignName>
<shouldEngineer>false</shouldEngineer>
<engineerTo>
<item key="A7BF9B19-2A4A-EEB0-977C-41A3E411116D" value="false"/>
</engineerTo>
<pk>true</pk>
<usedAttributes>
<attributeRef>A821F1F3-0EEE-E57B-746F-FDB70FE7DDFB</attributeRef>
</usedAttributes>
</identifier>
</identifiers>
</Entity>