<?xml version = '1.0' encoding = 'UTF-8'?>
<TableProxyOraclev11g class="oracle.dbtools.crest.model.design.storage.oracle.v11g.TableProxyOraclev11g" name="Clienti" directorySegmentName="seg_0" id="01B95B18-7AD0-7F96-6FFE-776320023D74">
<createdBy>Utilizator</createdBy>
<createdTime>2020-11-28 15:39:18 UTC</createdTime>
<ownerDesignName>PROIECT_FINAL</ownerDesignName>
<logging>YES</logging>
<partitionedRowMovement>DISABLE</partitionedRowMovement>
<temporaryChanged>false</temporaryChanged>
<accessDriverType>oracle_loader</accessDriverType>
<rejectLimit></rejectLimit>
<columnProxies itemClass="oracle.dbtools.crest.model.design.storage.oracle.v12c.ColumnProxyOraclev12c">
<ColumnProxy name="Id_client" id="0DF3E5AC-1339-52A1-1240-F0B1FAFC491F">
<createdBy>Utilizator</createdBy>
<createdTime>2020-11-28 15:39:18 UTC</createdTime>
<ownerDesignName>PROIECT_FINAL</ownerDesignName>
</ColumnProxy>
<ColumnProxy name="Numar_telefon" id="4EE59A30-C508-A067-6B7C-1EEFB92A2406">
<createdBy>Utilizator</createdBy>
<createdTime>2020-11-28 15:39:18 UTC</createdTime>
<ownerDesignName>PROIECT_FINAL</ownerDesignName>
</ColumnProxy>
<ColumnProxy name="Nume" id="A03D8AB5-5071-A7CE-DAE4-5DF166DAFE52">
<createdBy>Utilizator</createdBy>
<createdTime>2020-11-28 15:39:18 UTC</createdTime>
<ownerDesignName>PROIECT_FINAL</ownerDesignName>
</ColumnProxy>
</columnProxies>
<primaryKeys>
<PrimaryKey class="oracle.dbtools.crest.model.design.storage.oracle.v10g.PKProxyOraclev10g" name="Clienti_PK" id="80DA6F56-20F5-15D5-883A-A764AFF8650E">
<createdBy>Utilizator</createdBy>
<createdTime>2020-11-28 15:39:18 UTC</createdTime>
<ownerDesignName>PROIECT_FINAL</ownerDesignName>
<indexSort>SORTED</indexSort>
</PrimaryKey>
</primaryKeys>
<uniqueKeys>
<UniqueKey class="oracle.dbtools.crest.model.design.storage.oracle.v10g.UniqueOraclev10g" name="Clienti_Nume_Numar_telefon_UN" id="09E65E8C-40B6-AD46-855E-C8089DFDA3CD">
<createdBy>Utilizator</createdBy>
<createdTime>2020-11-28 15:39:18 UTC</createdTime>
<ownerDesignName>PROIECT_FINAL</ownerDesignName>
<indexSort>SORTED</indexSort>
</UniqueKey>
</uniqueKeys>
</TableProxyOraclev11g>