<?xml version = '1.0' encoding = 'UTF-8'?>
<TableProxyOraclev11g class="oracle.dbtools.crest.model.design.storage.oracle.v11g.TableProxyOraclev11g" name="Detalii_film" directorySegmentName="seg_0" id="9EA0E9AD-FBD2-9D54-4C1D-3B0AB4CBF835">
<createdBy>Utilizator</createdBy>
<createdTime>2020-11-28 15:39:18 UTC</createdTime>
<ownerDesignName>PROIECT_FINAL</ownerDesignName>
<logging>YES</logging>
<partitionedRowMovement>DISABLE</partitionedRowMovement>
<temporaryChanged>false</temporaryChanged>
<accessDriverType>oracle_loader</accessDriverType>
<rejectLimit></rejectLimit>
<columnProxies itemClass="oracle.dbtools.crest.model.design.storage.oracle.v12c.ColumnProxyOraclev12c">
<ColumnProxy name="Id_film" id="4C4DD2B7-97B2-59AC-E43C-F60462766C87">
<createdBy>Utilizator</createdBy>
<createdTime>2020-11-28 15:39:18 UTC</createdTime>
<ownerDesignName>PROIECT_FINAL</ownerDesignName>
</ColumnProxy>
<ColumnProxy name="Gen_film" id="58866D5B-581D-5CA8-71A9-4C830C3A79CF">
<createdBy>Utilizator</createdBy>
<createdTime>2020-11-28 15:39:18 UTC</createdTime>
<ownerDesignName>PROIECT_FINAL</ownerDesignName>
</ColumnProxy>
<ColumnProxy name="Durata_film" id="9AFE8726-B418-83D5-8C5A-14E177F6C188">
<createdBy>Utilizator</createdBy>
<createdTime>2020-11-28 15:39:18 UTC</createdTime>
<ownerDesignName>PROIECT_FINAL</ownerDesignName>
</ColumnProxy>
<ColumnProxy name="Format_film" id="D0EF130B-C214-D47A-CEC7-A0DB946ABDDB">
<createdBy>Utilizator</createdBy>
<createdTime>2020-11-28 15:39:18 UTC</createdTime>
<ownerDesignName>PROIECT_FINAL</ownerDesignName>
</ColumnProxy>
</columnProxies>
<indexProxies>
<IndexProxy class="oracle.dbtools.crest.model.design.storage.oracle.v10g.IndexProxyOraclev10g" name="Detalii_film__IDX" id="F645131D-AB91-26B4-3E8D-D3ED607DA3B9">
<createdBy>Utilizator</createdBy>
<createdTime>2020-11-28 15:39:18 UTC</createdTime>
<ownerDesignName>PROIECT_FINAL</ownerDesignName>
</IndexProxy>
</indexProxies>
<foreignKeys>
<ForeignKey class="oracle.dbtools.crest.model.design.storage.oracle.v10g.FKProxyOraclev10g" name="Detalii_film_Film_FK" id="022579E1-39CB-51A3-3070-351112C25FA7">
<createdBy>Utilizator</createdBy>
<createdTime>2020-11-28 15:39:18 UTC</createdTime>
<ownerDesignName>PROIECT_FINAL</ownerDesignName>
</ForeignKey>
</foreignKeys>
</TableProxyOraclev11g>